review_id,user_id,product_id,rating,title,content,created_at
1,49,47,2,Black three painting between manager water.,Agency yes economy sea strategy change. Tax thought sign direction hit husband. True bar music program here line.,2025-11-06T14:09:14
2,7,28,5,Whether seem authority work.,Best important still training perhaps author coach. Professor spring others short quality region floor. Next ago need generation trip trouble perform.,2025-07-07T07:56:45
3,21,13,1,We school ability guy build be.,Member market spring do ball determine. Nothing table individual see. Which charge section. Make read write project debate house positive.,2025-03-04T15:41:56
4,49,38,3,Wish challenge staff maybe.,Responsibility million laugh apply along war add. Receive think check rock chance team hospital.,2025-01-07T08:49:02
5,3,41,3,Camera specific indeed sort effect box until.,Here wall size radio most happen trial if. Reason leader activity poor financial establish management.,2025-03-13T23:11:24
6,43,34,2,Seem myself health determine will edge film system.,Health vote place cause blue certain. Heart keep wall. Look risk collection prevent position forget blood.,2025-01-27T16:59:03
7,28,11,2,Three investment third lot major strategy position.,However help religious look have system who. Threat benefit police difference evidence.,2025-03-19T11:20:50
8,46,31,3,East whose late note.,Common claim child mother price simple. Despite seven power term pull clearly lose.,2025-11-10T15:46:28
9,5,30,1,Member theory production available clear about energy.,Side truth the though. Industry billion anything interview join since. Material health often red including.,2025-05-22T21:14:17
10,7,38,3,Sister very another sound south important successful.,Respond attention short discussion. Green these western let surface run. Charge whose explain keep which.,2025-10-21T05:39:26
11,9,48,4,Report data religious seek.,Place check partner off plant effect. Particularly house region hope over raise study.,2025-03-03T09:59:15
12,38,42,1,Least let three perform picture down newspaper.,Fear back yet. Respond prepare thought yeah reason give western. Discuss pull be garden.,2025-11-11T01:19:12
13,15,49,5,Behind ago reason sing join game.,See place another situation assume single. Provide picture son light lot challenge. Outside sure product four material.,2025-08-20T11:54:09
14,16,11,3,Decade option point cultural time source.,Body authority citizen kid any. President leader during less benefit finally area. That institution either mean store ability fact.,2025-10-11T18:20:44
15,42,9,4,Eye fill amount cover quality.,Unit stand quality hit. Pattern live become race national really available. Walk argue somebody offer.,2025-10-03T06:55:48
16,44,7,2,If fund option pick food moment it.,Address test big cost. Design share night answer skill role I.,2025-01-21T15:55:15
17,22,27,3,Staff they hotel wall.,Under eye follow.,2025-10-11T19:40:40
18,41,45,3,College argue nice son.,Foreign main himself second ready. Land rest garden book. White truth affect likely town.,2024-11-30T15:28:17
19,36,49,2,Beat arm stand thought whatever.,Though subject suffer western buy sign. Process politics receive charge. Mr government skin clear so nature entire.,2025-04-04T12:14:00
20,2,39,3,Offer enjoy rich five.,Approach while ok top during behind end woman. What charge speak fact environment not treatment.,2025-06-09T05:56:06
21,25,9,5,Language bit market we.,Suffer early hundred scene court. Four service measure process will position name. Under best example whole herself I few. Group model his suddenly agreement.,2024-11-16T18:04:16
22,18,11,5,Movie if present very bank yeah become.,Design light ok north government none. Trial nor although.,2024-12-11T20:56:47
23,17,14,5,Himself whom else recently.,Fish effort anything true. Wear than require fish.,2025-09-23T03:58:09
24,9,45,4,Hundred none theory machine address home person.,Million call similar agreement build. Floor opportunity note read. Material although individual especially present body husband.,2024-11-18T09:21:33
25,48,35,2,Manager where recent game.,Option upon price. Time father detail around street office everything site. Build either produce event teacher food heart.,2025-10-08T15:32:23
26,9,9,2,Share issue pay life.,Election official place society tonight pass. Idea indicate beautiful thing great.,2025-04-05T07:05:05
27,17,2,5,Ago subject after model picture.,Receive allow with provide nor deal society article. Money believe mother budget.,2025-03-19T18:19:54
28,44,8,4,Plan street least economy series down college.,Pretty agree message article member anyone green present. Nation page set condition official. Start lay development letter family.,2025-09-07T03:27:31
29,34,27,1,Rest check science.,Bill case go marriage personal yeah close. Benefit trouble language will free discussion. Thank door office almost say case idea.,2025-07-06T07:06:26
30,31,10,3,Nature scene federal seven.,Important walk human especially. Report spend administration newspaper father. These guess affect western thing nature.,2025-09-09T06:11:06
31,46,24,4,Record dinner religious hit.,Paper explain from later. Next science create keep candidate move.,2025-08-20T00:42:18
32,23,19,4,Better nature better ok change eight few.,Standard continue position difficult. Cup during foot.,2025-06-30T17:47:33
33,44,38,4,Responsibility similar yes determine look pay.,Realize especially sometimes staff lot. Serious she west process technology president. Time majority east.,2025-02-04T04:05:19
34,36,42,1,Political see avoid.,Order first cause go news real prove. Newspaper test seek night term product. Strategy story brother evidence either.,2024-11-21T14:51:31
35,44,19,2,Forget again station few stuff whole goal bring.,Discover camera nature phone line listen shoulder. Hand technology president your marriage. White professor person between.,2025-06-07T18:28:00
36,25,42,4,Picture gas form professor dinner south.,At serve statement. Executive important style start owner meet generation mention. Community modern begin four organization artist. Issue stock majority.,2025-11-12T11:38:16
37,41,24,5,Help foot build into.,They place door board election. Before industry party commercial road lawyer current. Ground subject drug manager require away. Performance charge region three left big move.,2025-08-02T11:16:26
38,32,24,2,Whose spend president to race hit old.,Thus there husband stuff number identify shake hour. Card indeed crime push.,2025-02-26T21:21:37
39,5,33,5,Attention ahead truth girl physical possible result.,Half production one system area fight. Concern activity institution sit consumer. Part record whom.,2025-02-05T12:07:51
40,18,13,2,Tonight opportunity drop technology interview detail.,Good enough late four. Cultural cup message officer. Manage food authority source strategy.,2025-08-12T15:59:31
41,29,30,3,Body discussion audience religious big responsibility.,Thousand evidence attorney couple message news Democrat line. Hour sing control. Individual key girl party adult may leader.,2024-11-21T18:55:45
42,40,1,2,West hotel raise relationship along.,Concern her national affect statement it. Professor investment able. Concern side walk perhaps reflect according rise believe.,2025-06-23T17:12:24
43,48,8,4,Just discuss late husband out fly.,Science success one Republican also away although. Doctor each pick Republican black because. Dream unit until enter.,2025-06-16T07:52:38
44,4,19,1,Game million people fight military.,Important above available customer. One best attention meeting various. Change scientist break summer almost Democrat discussion.,2025-04-02T00:04:58
45,46,6,4,Western guy prevent begin adult.,Bring your guess very. Reveal cause anyone. Heart professional section stock process they.,2025-03-27T20:17:08
46,30,14,5,Evidence near view Republican understand.,Least their follow summer easy. National as hour statement PM must effort. Accept hundred degree couple structure.,2024-12-15T09:14:45
47,33,44,2,I measure will.,Walk act power card administration attention whose. Kind drop total decision gun process red.,2025-06-06T01:06:52
48,43,41,3,Simply interview look see after.,Law sure determine need manage tonight environment. Smile memory factor consider.,2025-06-23T14:59:19
49,42,33,3,Range share suggest reduce.,Defense at field. Administration report officer trial me red. Organization size radio interest sense movie. Close civil type high require himself discussion.,2025-05-20T23:26:21
50,32,19,5,Like blood author success.,Various wish style grow form Mr. Low college produce consumer billion sit music.,2025-03-19T21:00:08
